会話,選択肢1,選択肢2,選択肢3
会話1,選択肢1-1,選択肢1-2,選択肢1-3
会話2,選択肢2-1,選択肢2-2,選択肢2-3
会話3,選択肢3-1,選択肢3-2,選択肢3-3
会話1-1,選択肢1-1-1,選択肢1-1-2,選択肢1-1-3
会話1-2,選択肢1-2-1,選択肢1-2-2,選択肢1-2-3
会話1-3,選択肢1-3-1,選択肢1-3-2,選択肢1-3-3
会話2-1,選択肢2-1-1,選択肢2-1-2,選択肢2-1-3
会話2-2,選択肢2-2-1,選択肢2-2-2,選択肢2-2-3
会話2-3,選択肢2-3-1,選択肢2-3-2,選択肢2-3-3
会話3-1,選択肢3-1-1,選択肢3-1-2,選択肢3-1-3
会話3-2,選択肢3-2-1,選択肢3-2-2,選択肢3-2-3
会話3-3,選択肢3-3-1,選択肢3-3-2,選択肢3-3-3
会話1-1-1,選択肢1,選択肢2,選択肢3
会話1-1-2,選択肢1,選択肢2,選択肢3
会話1-1-3,選択肢1,選択肢2,選択肢3
会話1-2-1,選択肢1,選択肢2,選択肢3
会話1-2-2,選択肢1,選択肢2,選択肢3
会話1-2-3,選択肢1,選択肢2,選択肢3
会話1-3-1,選択肢1,選択肢2,選択肢3
会話1-3-2,選択肢1,選択肢2,選択肢3
会話1-3-3,選択肢1,選択肢2,選択肢3
会話2-1-1,選択肢1,選択肢2,選択肢3
会話2-1-2,選択肢1,選択肢2,選択肢3
会話2-1-3,選択肢1,選択肢2,選択肢3
会話2-2-1,選択肢1,選択肢2,選択肢3
会話2-2-2,選択肢1,選択肢2,選択肢3
会話2-2-3,選択肢1,選択肢2,選択肢3
会話2-3-1,選択肢1,選択肢2,選択肢3
会話2-3-2,選択肢1,選択肢2,選択肢3
会話2-3-3,選択肢1,選択肢2,選択肢3
会話3-1-1,選択肢1,選択肢2,選択肢3
会話3-1-2,選択肢1,選択肢2,選択肢3
会話3-1-3,選択肢1,選択肢2,選択肢3
会話3-2-1,選択肢1,選択肢2,選択肢3
会話3-2-2,選択肢1,選択肢2,選択肢3
会話3-2-3,選択肢1,選択肢2,選択肢3
会話3-3-1,選択肢1,選択肢2,選択肢3
会話3-3-2,選択肢1,選択肢2,選択肢3
会話3-3-3,選択肢1,選択肢2,選択肢3
